experimentID,eventID,nodeID,requestTimeFromVM,startTimeFromLambda,newcontainer,targetStartTime
bca66df5-72e9-4f7c-b0b4-f1ed93636392,1,Worker1,1196.56201171875,1786.0,1,1000
bca66df5-72e9-4f7c-b0b4-f1ed93636392,1,Worker1,1009.068115234375,1786.0,1,1000
bca66df5-72e9-4f7c-b0b4-f1ed93636392,1,Worker1,1009.068115234375,1786.0,1,1000
bca66df5-72e9-4f7c-b0b4-f1ed93636392,1,Worker3,1009.068115234375,1950.0,1,1000
bca66df5-72e9-4f7c-b0b4-f1ed93636392,1,Worker3,1009.068115234375,1950.0,1,1000
bca66df5-72e9-4f7c-b0b4-f1ed93636392,1,Worker3,1009.068115234375,1950.0,1,1000
bca66df5-72e9-4f7c-b0b4-f1ed93636392,1,Worker3,1009.068115234375,1950.0,1,1000
bca66df5-72e9-4f7c-b0b4-f1ed93636392,1,Worker5,1009.068115234375,1866.0,1,1000
bca66df5-72e9-4f7c-b0b4-f1ed93636392,1,Worker5,1009.068115234375,1866.0,1,1000
bca66df5-72e9-4f7c-b0b4-f1ed93636392,1,Worker5,1009.068115234375,1866.0,1,1000
bca66df5-72e9-4f7c-b0b4-f1ed93636392,1,Worker5,1009.068115234375,1866.0,1,1000
bca66df5-72e9-4f7c-b0b4-f1ed93636392,1,Worker4,1009.068115234375,1985.0,1,1000
bca66df5-72e9-4f7c-b0b4-f1ed93636392,1,Worker4,1009.068115234375,1985.0,1,1000
bca66df5-72e9-4f7c-b0b4-f1ed93636392,1,Worker4,1009.068115234375,1985.0,1,1000
bca66df5-72e9-4f7c-b0b4-f1ed93636392,1,Worker4,1009.068115234375,1985.0,1,1000
bca66df5-72e9-4f7c-b0b4-f1ed93636392,1,Worker1,1204.787109375,1786.0,1,1000
bca66df5-72e9-4f7c-b0b4-f1ed93636392,1,Worker1,1204.787109375,1786.0,1,1000
bca66df5-72e9-4f7c-b0b4-f1ed93636392,1,Worker1,1204.787109375,1786.0,1,1000
bca66df5-72e9-4f7c-b0b4-f1ed93636392,1,Worker1,1204.787109375,1786.0,1,1000
bca66df5-72e9-4f7c-b0b4-f1ed93636392,1,Worker3,1204.787109375,1950.0,1,1000
bca66df5-72e9-4f7c-b0b4-f1ed93636392,1,Worker3,1204.787109375,1950.0,1,1000
bca66df5-72e9-4f7c-b0b4-f1ed93636392,1,Worker3,1204.787109375,1950.0,1,1000
bca66df5-72e9-4f7c-b0b4-f1ed93636392,1,Worker3,1204.787109375,1950.0,1,1000
bca66df5-72e9-4f7c-b0b4-f1ed93636392,1,Worker5,1204.787109375,1866.0,1,1000
bca66df5-72e9-4f7c-b0b4-f1ed93636392,1,Worker5,1204.787109375,1866.0,1,1000
bca66df5-72e9-4f7c-b0b4-f1ed93636392,1,Worker5,1204.787109375,1866.0,1,1000
bca66df5-72e9-4f7c-b0b4-f1ed93636392,1,Worker5,1204.787109375,1866.0,1,1000
bca66df5-72e9-4f7c-b0b4-f1ed93636392,1,Worker4,1204.787109375,1985.0,1,1000
bca66df5-72e9-4f7c-b0b4-f1ed93636392,1,Worker4,1204.787109375,1985.0,1,1000
bca66df5-72e9-4f7c-b0b4-f1ed93636392,1,Worker4,1204.787109375,1985.0,1,1000
bca66df5-72e9-4f7c-b0b4-f1ed93636392,1,Worker1,1009.068115234375,1786.0,1,1000
bca66df5-72e9-4f7c-b0b4-f1ed93636392,1,Worker4,1204.787109375,1985.0,1,1000
bca66df5-72e9-4f7c-b0b4-f1ed93636392,1,Worker1,1009.068115234375,1786.0,1,1000
bca66df5-72e9-4f7c-b0b4-f1ed93636392,1,Worker4,1095.81689453125,1985.0,1,1000
bca66df5-72e9-4f7c-b0b4-f1ed93636392,1,Worker1,1196.56201171875,1786.0,1,1000
bca66df5-72e9-4f7c-b0b4-f1ed93636392,1,Worker1,1196.56201171875,1786.0,1,1000
bca66df5-72e9-4f7c-b0b4-f1ed93636392,1,Worker1,1196.56201171875,1786.0,1,1000
bca66df5-72e9-4f7c-b0b4-f1ed93636392,1,Worker3,1196.56201171875,1950.0,1,1000
bca66df5-72e9-4f7c-b0b4-f1ed93636392,1,Worker3,1196.56201171875,1950.0,1,1000
bca66df5-72e9-4f7c-b0b4-f1ed93636392,1,Worker3,1196.56201171875,1950.0,1,1000
bca66df5-72e9-4f7c-b0b4-f1ed93636392,1,Worker3,1196.56201171875,1950.0,1,1000
bca66df5-72e9-4f7c-b0b4-f1ed93636392,1,Worker5,1196.56201171875,1866.0,1,1000
bca66df5-72e9-4f7c-b0b4-f1ed93636392,1,Worker5,1196.56201171875,1866.0,1,1000
bca66df5-72e9-4f7c-b0b4-f1ed93636392,1,Worker5,1196.56201171875,1866.0,1,1000
bca66df5-72e9-4f7c-b0b4-f1ed93636392,1,Worker5,1196.56201171875,1866.0,1,1000
bca66df5-72e9-4f7c-b0b4-f1ed93636392,1,Worker4,1196.56201171875,1985.0,1,1000
bca66df5-72e9-4f7c-b0b4-f1ed93636392,1,Worker4,1196.56201171875,1985.0,1,1000
bca66df5-72e9-4f7c-b0b4-f1ed93636392,1,Worker4,1196.56201171875,1985.0,1,1000
bca66df5-72e9-4f7c-b0b4-f1ed93636392,1,Worker4,1196.56201171875,1985.0,1,1000
bca66df5-72e9-4f7c-b0b4-f1ed93636392,1,Worker1,1095.81689453125,1786.0,1,1000
bca66df5-72e9-4f7c-b0b4-f1ed93636392,1,Worker1,1095.81689453125,1786.0,1,1000
bca66df5-72e9-4f7c-b0b4-f1ed93636392,1,Worker1,1095.81689453125,1786.0,1,1000
bca66df5-72e9-4f7c-b0b4-f1ed93636392,1,Worker1,1095.81689453125,1786.0,1,1000
bca66df5-72e9-4f7c-b0b4-f1ed93636392,1,Worker3,1095.81689453125,1950.0,1,1000
bca66df5-72e9-4f7c-b0b4-f1ed93636392,1,Worker3,1095.81689453125,1950.0,1,1000
bca66df5-72e9-4f7c-b0b4-f1ed93636392,1,Worker3,1095.81689453125,1950.0,1,1000
bca66df5-72e9-4f7c-b0b4-f1ed93636392,1,Worker3,1095.81689453125,1950.0,1,1000
bca66df5-72e9-4f7c-b0b4-f1ed93636392,1,Worker5,1095.81689453125,1866.0,1,1000
bca66df5-72e9-4f7c-b0b4-f1ed93636392,1,Worker5,1095.81689453125,1866.0,1,1000
bca66df5-72e9-4f7c-b0b4-f1ed93636392,1,Worker5,1095.81689453125,1866.0,1,1000
bca66df5-72e9-4f7c-b0b4-f1ed93636392,1,Worker5,1095.81689453125,1866.0,1,1000
bca66df5-72e9-4f7c-b0b4-f1ed93636392,1,Worker4,1095.81689453125,1985.0,1,1000
bca66df5-72e9-4f7c-b0b4-f1ed93636392,1,Worker4,1095.81689453125,1985.0,1,1000
bca66df5-72e9-4f7c-b0b4-f1ed93636392,1,Worker4,1095.81689453125,1985.0,1,1000
bca66df5-72e9-4f7c-b0b4-f1ed93636392,2,Worker2,1690.7060546875,2033.0,0,1100
